{
    "causal_judgement": {
        "CoT": {
            "acc": 0.7272727272727273
        },
        "Predict": {
            "acc": 0.3333333333333333
        }
    }
}