{
    "overall": {
        "acc": 0.855072463768116,
        "precision": 0.921875,
        "recall": 0.921875,
        "f1": 0.921875
    }
}