{
    "overall": {
        "acc": 0.74,
        "precision": 0.8648648648648649,
        "recall": 0.8,
        "f1": 0.8311688311688312
    }
}