{
    "overall": {
        "acc": 0.66,
        "precision": 0.8709677419354839,
        "recall": 0.675,
        "f1": 0.7605633802816901
    }
}